"","cluster"
"cell_1",1
"cell_2",1
"cell_3",1
"cell_4",1
"cell_5",1
"cell_6",1
"cell_7",1
"cell_8",1
"cell_9",1
"cell_10",1
"cell_11",1
"cell_12",1
"cell_13",1
"cell_14",1
"cell_15",1
"cell_16",1
"cell_17",1
"cell_18",1
"cell_19",1
"cell_20",1
"cell_21",1
"cell_22",1
"cell_23",1
"cell_24",1
"cell_25",1
"cell_26",1
"cell_27",1
"cell_28",1
"cell_29",1
"cell_30",1
"cell_31",1
"cell_32",1
"cell_33",1
"cell_34",1
"cell_35",1
"cell_36",1
"cell_37",1
"cell_38",1
"cell_39",1
"cell_40",1
"cell_41",1
"cell_42",1
"cell_43",1
"cell_44",1
"cell_45",1
"cell_46",1
"cell_47",1
"cell_48",1
"cell_49",1
"cell_50",1
"cell_51",1
"cell_52",1
"cell_53",1
"cell_54",1
"cell_55",1
"cell_56",1
"cell_57",1
"cell_58",1
"cell_59",1
"cell_60",1
"cell_61",1
"cell_62",1
"cell_63",1
"cell_64",1
"cell_65",1
"cell_66",1
"cell_67",1
"cell_68",1
"cell_69",1
"cell_70",1
"cell_71",1
"cell_72",1
"cell_73",1
"cell_74",1
"cell_75",1
"cell_76",1
"cell_77",1
"cell_78",1
"cell_79",1
"cell_80",1
"cell_81",1
"cell_82",1
"cell_83",1
"cell_84",1
"cell_85",1
"cell_86",1
"cell_87",1
"cell_88",1
"cell_89",1
"cell_90",1
"cell_91",1
"cell_92",1
"cell_93",1
"cell_94",1
"cell_95",1
"cell_96",1
"cell_97",1
"cell_98",1
"cell_99",1
"cell_100",1
"cell_101",1
"cell_102",1
"cell_103",1
"cell_104",1
"cell_105",1
"cell_106",1
"cell_107",1
"cell_108",1
"cell_109",1
"cell_110",1
"cell_111",1
"cell_112",1
"cell_113",1
"cell_114",1
"cell_115",1
"cell_116",1
"cell_117",1
"cell_118",1
"cell_119",1
"cell_120",1
"cell_121",1
"cell_122",1
"cell_123",1
"cell_124",1
"cell_125",1
"cell_126",1
"cell_127",1
"cell_128",1
"cell_129",1
"cell_130",1
"cell_131",1
"cell_132",1
"cell_133",1
"cell_134",1
"cell_135",1
"cell_136",1
"cell_137",1
"cell_138",1
"cell_139",1
"cell_140",1
"cell_141",1
"cell_142",1
"cell_143",1
"cell_144",1
"cell_145",1
"cell_146",1
"cell_147",1
"cell_148",1
"cell_149",1
"cell_150",1
"cell_151",1
"cell_152",1
"cell_153",1
"cell_154",1
"cell_155",1
"cell_156",1
"cell_157",1
"cell_158",1
"cell_159",1
"cell_160",1
"cell_161",1
"cell_162",1
"cell_163",1
"cell_164",1
"cell_165",1
"cell_166",1
"cell_167",1
"cell_168",1
"cell_169",1
"cell_170",1
"cell_171",1
"cell_172",1
"cell_173",1
"cell_174",1
"cell_175",1
"cell_176",1
"cell_177",1
"cell_178",1
"cell_179",1
"cell_180",1
"cell_181",1
"cell_182",1
"cell_183",1
"cell_184",1
"cell_185",1
"cell_186",1
"cell_187",1
"cell_188",1
"cell_189",1
"cell_190",1
"cell_191",1
"cell_192",1
"cell_193",1
"cell_194",1
"cell_195",1
"cell_196",1
"cell_197",1
"cell_198",1
"cell_199",1
"cell_200",1
"cell_201",1
"cell_202",1
"cell_203",1
"cell_204",1
"cell_205",1
"cell_206",1
"cell_207",1
"cell_208",1
"cell_209",1
"cell_210",1
"cell_211",1
"cell_212",1
"cell_213",1
"cell_214",1
"cell_215",1
"cell_216",1
"cell_217",1
"cell_218",1
"cell_219",1
"cell_220",1
"cell_221",1
"cell_222",1
"cell_223",1
"cell_224",1
"cell_225",1
"cell_226",1
"cell_227",1
"cell_228",1
"cell_229",1
"cell_230",1
"cell_231",1
"cell_232",1
"cell_233",1
"cell_234",1
"cell_235",1
"cell_236",1
"cell_237",1
"cell_238",1
"cell_239",1
"cell_240",1
"cell_241",1
"cell_242",1
"cell_243",1
"cell_244",1
"cell_245",1
"cell_246",1
"cell_247",1
"cell_248",1
"cell_249",1
"cell_250",1
"cell_251",1
"cell_252",1
"cell_253",1
"cell_254",1
"cell_255",1
"cell_256",1
"cell_257",1
"cell_258",1
"cell_259",1
"cell_260",1
"cell_261",1
"cell_262",1
"cell_263",1
"cell_264",1
"cell_265",1
"cell_266",1
"cell_267",1
"cell_268",1
"cell_269",1
"cell_270",1
"cell_271",1
"cell_272",1
"cell_273",1
"cell_274",1
"cell_275",1
"cell_276",1
"cell_277",1
"cell_278",1
"cell_279",1
"cell_280",1
"cell_281",1
"cell_282",1
"cell_283",1
"cell_284",1
"cell_285",1
"cell_286",1
"cell_287",1
"cell_288",1
"cell_289",1
"cell_290",1
"cell_291",1
"cell_292",1
"cell_293",1
"cell_294",1
"cell_295",1
"cell_296",1
"cell_297",1
"cell_298",1
"cell_299",1
"cell_300",1
"cell_301",1
"cell_302",1
"cell_303",1
"cell_304",1
"cell_305",1
"cell_306",1
"cell_307",1
"cell_308",1
"cell_309",1
"cell_310",1
"cell_311",1
"cell_312",1
"cell_313",1
"cell_314",1
"cell_315",2
"cell_316",1
"cell_317",1
"cell_318",3
"cell_319",1
"cell_320",1
"cell_321",1
"cell_322",1
"cell_323",1
"cell_324",1
"cell_325",1
"cell_326",1
"cell_327",1
"cell_328",1
"cell_329",1
"cell_330",1
"cell_331",1
"cell_332",1
"cell_333",1
"cell_334",1
"cell_335",1
"cell_336",1
"cell_337",1
"cell_338",1
"cell_339",1
"cell_340",1
"cell_341",1
"cell_342",1
"cell_343",1
"cell_344",1
"cell_345",1
"cell_346",1
"cell_347",1
"cell_348",1
"cell_349",1
"cell_350",1
"cell_351",1
"cell_352",1
"cell_353",1
"cell_354",1
"cell_355",1
"cell_356",1
"cell_357",1
"cell_358",1
"cell_359",1
"cell_360",1
"cell_361",1
"cell_362",1
"cell_363",1
"cell_364",1
"cell_365",1
"cell_366",1
"cell_367",1
"cell_368",1
"cell_369",1
"cell_370",1
"cell_371",1
"cell_372",1
"cell_373",1
"cell_374",1
"cell_375",1
"cell_376",4
"cell_377",1
"cell_378",1
"cell_379",1
"cell_380",1
"cell_381",1
"cell_382",1
"cell_383",1
"cell_384",1
"cell_385",1
"cell_386",1
"cell_387",1
"cell_388",1
"cell_389",1
"cell_390",1
"cell_391",1
"cell_392",1
"cell_393",1
"cell_394",1
"cell_395",1
"cell_396",1
"cell_397",1
"cell_398",1
"cell_399",1
"cell_400",1
"cell_401",1
"cell_402",1
"cell_403",1
"cell_404",1
"cell_405",1
"cell_406",1
"cell_407",1
"cell_408",1
"cell_409",1
"cell_410",1
"cell_411",1
"cell_412",1
"cell_413",1
"cell_414",1
"cell_415",1
"cell_416",1
"cell_417",1
"cell_418",1
"cell_419",1
"cell_420",1
"cell_421",1
"cell_422",1
"cell_423",1
"cell_424",1
"cell_425",1
"cell_426",1
"cell_427",1
"cell_428",1
"cell_429",1
"cell_430",1
"cell_431",1
"cell_432",1
"cell_433",1
"cell_434",1
"cell_435",1
"cell_436",1
"cell_437",1
"cell_438",1
"cell_439",1
"cell_440",1
"cell_441",1
"cell_442",1
"cell_443",1
"cell_444",1
"cell_445",1
"cell_446",1
"cell_447",1
"cell_448",1
"cell_449",1
"cell_450",1
"cell_451",1
"cell_452",1
"cell_453",2
"cell_454",1
"cell_455",1
"cell_456",1
"cell_457",1
"cell_458",1
"cell_459",1
"cell_460",1
"cell_461",1
"cell_462",1
"cell_463",1
"cell_464",1
"cell_465",1
"cell_466",1
"cell_467",1
"cell_468",1
"cell_469",1
"cell_470",1
"cell_471",1
"cell_472",1
"cell_473",1
"cell_474",1
"cell_475",1
"cell_476",1
"cell_477",1
"cell_478",1
"cell_479",1
"cell_480",1
"cell_481",1
"cell_482",1
"cell_483",1
"cell_484",1
"cell_485",1
"cell_486",1
"cell_487",1
"cell_488",1
"cell_489",1
"cell_490",2
"cell_491",1
"cell_492",1
"cell_493",1
"cell_494",1
"cell_495",1
"cell_496",1
"cell_497",1
"cell_498",1
"cell_499",1
"cell_500",1
"cell_501",1
"cell_502",1
"cell_503",1
"cell_504",1
"cell_505",1
"cell_506",1
"cell_507",1
"cell_508",1
"cell_509",1
"cell_510",1
"cell_511",1
"cell_512",1
"cell_513",1
"cell_514",1
"cell_515",1
"cell_516",1
"cell_517",1
"cell_518",1
"cell_519",1
"cell_520",1
"cell_521",1
"cell_522",1
"cell_523",1
"cell_524",1
"cell_525",1
"cell_526",1
"cell_527",1
"cell_528",5
"cell_529",1
"cell_530",1
"cell_531",1
"cell_532",1
"cell_533",1
"cell_534",1
"cell_535",1
"cell_536",1
"cell_537",1
"cell_538",6
"cell_539",1
"cell_540",1
"cell_541",1
"cell_542",1
"cell_543",1
"cell_544",1
"cell_545",1
"cell_546",1
"cell_547",1
"cell_548",1
"cell_549",1
"cell_550",1
"cell_551",1
"cell_552",7
"cell_553",1
"cell_554",1
"cell_555",1
"cell_556",1
"cell_557",1
"cell_558",1
"cell_559",1
"cell_560",1
"cell_561",1
"cell_562",1
"cell_563",1
"cell_564",1
"cell_565",1
"cell_566",1
"cell_567",1
"cell_568",8
"cell_569",1
"cell_570",1
"cell_571",1
"cell_572",1
"cell_573",1
"cell_574",1
"cell_575",1
"cell_576",1
"cell_577",1
"cell_578",1
"cell_579",1
"cell_580",1
"cell_581",1
"cell_582",1
"cell_583",1
"cell_584",1
"cell_585",1
"cell_586",1
"cell_587",1
"cell_588",1
"cell_589",1
"cell_590",1
"cell_591",1
"cell_592",1
"cell_593",1
"cell_594",1
"cell_595",1
"cell_596",1
"cell_597",1
"cell_598",1
"cell_599",1
"cell_600",1
"cell_601",1
"cell_602",1
"cell_603",1
"cell_604",1
"cell_605",1
"cell_606",1
"cell_607",1
"cell_608",1
"cell_609",1
"cell_610",1
"cell_611",1
"cell_612",1
"cell_613",1
"cell_614",1
"cell_615",1
"cell_616",1
"cell_617",1
"cell_618",1
"cell_619",1
"cell_620",1
"cell_621",1
"cell_622",1
"cell_623",1
"cell_624",1
"cell_625",1
"cell_626",1
"cell_627",1
"cell_628",1
"cell_629",1
"cell_630",1
"cell_631",1
"cell_632",1
"cell_633",1
"cell_634",1
"cell_635",1
"cell_636",1
"cell_637",1
"cell_638",2
"cell_639",1
"cell_640",1
"cell_641",1
"cell_642",1
"cell_643",1
"cell_644",1
"cell_645",1
"cell_646",1
"cell_647",1
"cell_648",1
"cell_649",1
"cell_650",1
"cell_651",1
"cell_652",1
"cell_653",1
"cell_654",1
"cell_655",1
"cell_656",2
"cell_657",1
"cell_658",1
"cell_659",1
"cell_660",1
"cell_661",1
"cell_662",1
"cell_663",1
"cell_664",1
"cell_665",1
"cell_666",1
"cell_667",1
"cell_668",1
"cell_669",1
"cell_670",1
"cell_671",1
"cell_672",1
"cell_673",1
"cell_674",1
"cell_675",1
"cell_676",1
"cell_677",1
"cell_678",1
"cell_679",1
"cell_680",1
"cell_681",1
"cell_682",1
"cell_683",1
"cell_684",1
"cell_685",1
"cell_686",1
"cell_687",1
"cell_688",1
"cell_689",1
"cell_690",1
"cell_691",1
"cell_692",1
"cell_693",1
"cell_694",1
"cell_695",1
"cell_696",1
"cell_697",1
"cell_698",1
"cell_699",1
"cell_700",9
"cell_701",1
"cell_702",1
"cell_703",1
"cell_704",1
"cell_705",1
"cell_706",1
"cell_707",1
"cell_708",1
"cell_709",1
"cell_710",1
"cell_711",1
"cell_712",1
"cell_713",1
"cell_714",1
"cell_715",1
"cell_716",1
"cell_717",1
"cell_718",1
"cell_719",1
"cell_720",1
"cell_721",1
"cell_722",1
"cell_723",1
"cell_724",2
"cell_725",9
"cell_726",1
"cell_727",1
"cell_728",1
"cell_729",1
"cell_730",1
"cell_731",1
"cell_732",1
"cell_733",1
"cell_734",1
"cell_735",1
"cell_736",1
"cell_737",1
"cell_738",1
"cell_739",1
"cell_740",1
"cell_741",1
"cell_742",1
"cell_743",1
"cell_744",1
"cell_745",1
"cell_746",1
"cell_747",1
"cell_748",1
"cell_749",1
"cell_750",1
"cell_751",1
"cell_752",1
"cell_753",1
"cell_754",1
"cell_755",1
"cell_756",1
"cell_757",1
"cell_758",1
"cell_759",1
"cell_760",1
"cell_761",1
"cell_762",1
"cell_763",1
"cell_764",1
"cell_765",1
"cell_766",1
"cell_767",1
"cell_768",1
"cell_769",1
"cell_770",1
"cell_771",1
"cell_772",2
"cell_773",1
"cell_774",1
"cell_775",1
"cell_776",1
"cell_777",1
"cell_778",1
"cell_779",2
"cell_780",1
"cell_781",1
"cell_782",1
"cell_783",1
"cell_784",1
"cell_785",1
"cell_786",1
"cell_787",1
"cell_788",1
"cell_789",1
"cell_790",1
"cell_791",1
"cell_792",1
"cell_793",1
"cell_794",1
"cell_795",1
"cell_796",1
"cell_797",1
"cell_798",1
"cell_799",1
"cell_800",1
"cell_801",1
"cell_802",1
"cell_803",1
"cell_804",1
"cell_805",1
"cell_806",1
"cell_807",1
"cell_808",1
"cell_809",1
"cell_810",1
"cell_811",1
"cell_812",1
"cell_813",1
"cell_814",1
"cell_815",1
"cell_816",8
"cell_817",1
"cell_818",1
"cell_819",1
"cell_820",1
"cell_821",1
"cell_822",1
"cell_823",1
"cell_824",1
"cell_825",1
"cell_826",1
"cell_827",1
"cell_828",1
"cell_829",1
"cell_830",1
"cell_831",1
"cell_832",1
"cell_833",1
"cell_834",1
"cell_835",1
"cell_836",1
"cell_837",1
"cell_838",1
"cell_839",1
"cell_840",1
"cell_841",2
"cell_842",1
"cell_843",1
"cell_844",1
"cell_845",1
"cell_846",1
"cell_847",1
"cell_848",1
"cell_849",1
"cell_850",1
"cell_851",1
"cell_852",1
"cell_853",1
"cell_854",1
"cell_855",1
"cell_856",1
"cell_857",1
"cell_858",1
"cell_859",1
"cell_860",1
"cell_861",1
"cell_862",1
"cell_863",1
"cell_864",1
"cell_865",1
"cell_866",1
"cell_867",1
"cell_868",1
"cell_869",1
"cell_870",1
"cell_871",1
"cell_872",1
"cell_873",1
"cell_874",1
"cell_875",1
"cell_876",1
"cell_877",1
"cell_878",1
"cell_879",1
"cell_880",1
"cell_881",1
"cell_882",1
"cell_883",1
"cell_884",1
"cell_885",1
"cell_886",1
"cell_887",1
"cell_888",1
"cell_889",1
"cell_890",1
